{
  "timestamp": "2025-08-28T22:27:14.218138",
  "rtg_statistics": {
    "mean": 0.37618517875671387,
    "std": 0.33526021242141724,
    "min": 0.0,
    "max": 1.0512841939926147,
    "median": 0.2951139807701111
  },
  "property_accuracy": {
    "entanglement": 0.27777087688446045,
    "fidelity": 0.3251440227031708,
    "expressibility": 0.2033214122056961
  },
  "data_shape": {
    "batch_size": 4,
    "sequence_length": 20,
    "total_valid_steps": 58
  },
  "additional_info": {
    "experiment": "example_run",
    "model": "decision_transformer"
  }
}